시도,시군구,읍면동,년,월,일,시,분,요일,인명피해(명)소계,사망,부상,재산피해소계,화재유형,발화요인대분류,발화요인소분류,최초착화물대분류,최초착화물소분류,발화관련기기대분류,발화관련기기소분류,장소대분류,장소중분류,장소소분류,차량장소,기온(°C),강수량(mm),풍속(m/s),습도(%),현지기압(hPa),적설(cm),지면온도(°C)
서울특별시,종로구,평창동,2022,1,1,7,24,토,0,0,0,268,"건축,구조물",미상,미상,"종이,목재,건초등","목재, 합판",,,주거,단독주택,단독주택,,-10.1,0.0,1.9,55,1021.6,0.0,-7.6
서울특별시,서대문구,연희동,2022,1,1,8,6,토,0,0,0,24750,"자동차,철도차량",미상,미상,미상,미상,,,"자동차,철도차량",자동차,승용자동차,일반도로,-10.2,0.0,2.5,56,1021.8,0.0,-7.4
서울특별시,성북구,종암동,2022,1,1,15,9,토,0,0,0,56,"건축,구조물",부주의,"불씨,불꽃,화원방치","전기,전자","전기, 전자기기 케이스",,,주거,단독주택,기타 단독주택,,1.9,0.0,1.7,35,1018.5,0.0,2.1
서울특별시,동대문구,장안동,2022,1,1,20,39,토,0,0,0,55,"건축,구조물",부주의,담배꽁초,합성수지,"플라스틱, PVC, 비닐, 장판",,,주거,공동주택,다세대주택,,-1.6,0.0,0.9,47,1017.8,0.0,-2.3
서울특별시,서대문구,홍은동,2022,1,2,9,27,일,0,0,0,256,"건축,구조물",전기적 요인,미확인단락,"종이,목재,건초등","목재, 합판",,,주거,단독주택,단독주택,,-1.9,0.3,1.4,82,1015.4,0.4,-1.5
서울특별시,중구,을지로6가,2022,1,2,19,59,일,0,0,0,973,"건축,구조물",부주의,"불씨,불꽃,화원방치",식품,기타(식품),,,생활서비스,음식점,한식,,-1.6,0.0,2.0,41,1016.8,0.0,-1.5
서울특별시,중구,을지로7가,2022,1,2,22,6,일,0,0,0,49,"건축,구조물",전기적 요인,절연열화에 의한 단락,"전기,전자","전기, 전자기기 기판",계절용 기기,전기히터/스토브,"판매,업무시설",판매시설,쇼핑센터,,-3.8,0.0,2.1,49,1017.2,0.0,-3.7
서울특별시,종로구,신문로2가,2022,1,3,18,22,월,0,0,0,52,"건축,구조물",미상,미상,미상,미상,,,주거,단독주택,다가구주택,,1.3,0.0,1.9,58,1013.8,0.0,-0.1
서울특별시,동대문구,답십리동,2022,1,3,21,29,월,1,0,1,3359,"건축,구조물",미상,미상,기타,기타,,,주거,단독주택,다가구주택,,1.1,0.0,2.8,74,1013.8,0.0,-0.2
서울특별시,서대문구,홍제동,2022,1,4,10,41,화,0,0,0,310,"건축,구조물",기타,기타,식품,튀김유,,,생활서비스,음식점,기타휴게음식점,,-3.5,0.0,2.8,66,1018.3,0.0,-1.6
서울특별시,중구,필동2가,2022,1,4,17,44,화,0,0,0,5,기타(쓰레기 화재등),부주의,담배꽁초,쓰레기류,쓰레기,,,기타,야외,쓰레기,,-0.4,0.0,2.8,29,1017.1,0.0,-0.5
서울특별시,성북구,정릉동,2022,1,5,0,25,수,0,0,0,24,기타(쓰레기 화재등),부주의,담배꽁초,"종이,목재,건초등",종이,,,기타,야외,쓰레기,,-5.6,0.0,1.3,45,1018.5,0.0,-5.7
서울특별시,서대문구,홍은동,2022,1,5,11,34,수,0,0,0,329,"건축,구조물",전기적 요인,절연열화에 의한 단락,합성수지,발포폴리스티렌,계절용 기기,열선,기타서비스,기타건축물,공중화장실,,-2.4,0.0,1.5,46,1018.3,0.0,-0.3
서울특별시,종로구,수송동,2022,1,5,18,30,수,1,0,1,1395,"건축,구조물",방화,방화,"침구,직물류","이불(베개,시트)",,,"판매,업무시설",숙박시설,호텔,,0.7,0.0,2.0,42,1015.7,0.0,-0.3
서울특별시,동대문구,용두동,2022,1,5,19,48,수,1,0,1,1234,"건축,구조물",미상,미상,미상,미상,,,주거,단독주택,단독주택,,0.1,0.0,1.3,42,1016.0,0.0,-0.7
서울특별시,중구,정동,2022,1,5,19,57,수,1,1,0,0,기타(쓰레기 화재등),방화,방화,위험물등,시너,,,기타,야외,기타야외,,0.1,0.0,1.3,42,1016.0,0.0,-0.7
서울특별시,서대문구,홍제동,2022,1,6,2,39,목,0,0,0,6,"건축,구조물",부주의,담배꽁초,"종이,목재,건초등","기타(종이,목재,건초등)",,,주거,공동주택,아파트,,-3.7,0.0,0.9,55,1015.7,0.0,-4.8
서울특별시,서대문구,창천동,2022,1,6,2,41,목,0,0,0,75,"건축,구조물",부주의,"기기(전기, 기계 등) 사용.설치부주의","침구,직물류","기타(침구,직물류)",계절용 기기,전기장판/담요/방석류,"판매,업무시설",일반업무,오피스텔,,-3.7,0.0,0.9,55,1015.7,0.0,-4.8
서울특별시,종로구,인의동,2022,1,6,2,46,목,0,0,0,784,"자동차,철도차량",미상,미상,미상,미상,,,"자동차,철도차량",자동차,특수자동차,일반도로,-3.7,0.0,0.9,55,1015.7,0.0,-4.8
서울특별시,종로구,낙원동,2022,1,6,4,21,목,0,0,0,37,"건축,구조물",전기적 요인,트래킹에 의한 단락,"전기,전자","전기, 전자기기 기판",,,생활서비스,위락시설,유흥주점,,-4.8,0.0,2.1,62,1016.3,0.0,-5.4
서울특별시,서대문구,홍제동,2022,1,6,6,9,목,0,0,0,6,기타(쓰레기 화재등),부주의,"기기(전기, 기계 등) 사용.설치부주의","침구,직물류","기타(침구,직물류)",,,기타,야외,기타야외,,-5.4,0.0,2.2,60,1016.8,0.0,-5.7
서울특별시,서대문구,홍은동,2022,1,7,0,47,금,0,0,0,2563,"건축,구조물",부주의,가연물 근접방치,"침구,직물류","기타(침구,직물류)",계절용 기기,전기히터/스토브,기타서비스,기타건축물,포장마차,,-4.2,0.0,1.3,52,1019.6,0.0,-4.8
서울특별시,서대문구,북가좌동,2022,1,7,14,48,금,0,0,0,22,기타(쓰레기 화재등),부주의,담배꽁초,"종이,목재,건초등","풀, 나뭇잎",,,기타,야외,쓰레기,,3.7,0.0,2.4,24,1018.1,0.0,7.9
서울특별시,중구,충무로1가,2022,1,7,19,5,금,0,0,0,9,기타(쓰레기 화재등),부주의,담배꽁초,쓰레기류,재활용,,,기타,야외,쓰레기,,0.3,0.0,1.8,41,1017.9,0.0,-1.5
서울특별시,중구,다동,2022,1,7,23,51,금,0,0,0,9,"건축,구조물",부주의,음식물 조리중,식품,음식물,주방기기,가스렌지,생활서비스,음식점,한식,,-2.2,0.0,1.0,55,1017.5,0.0,-3.7
서울특별시,서대문구,홍은동,2022,1,8,18,38,토,0,0,0,160,"건축,구조물",부주의,담배꽁초,쓰레기류,쓰레기,,,"판매,업무시설",판매시설,상점가,,3.6,0.0,2.3,72,1011.8,0.0,-0.3
서울특별시,성북구,성북동1가,2022,1,9,13,3,일,0,0,0,32382,"건축,구조물",전기적 요인,접촉불량에 의한 단락,"전기,전자","콘센트, 스위치류",,,"판매,업무시설",공공기관,국가 및 지방자치단체 청사,,3.3,0.0,1.0,66,1011.4,0.0,5.4
서울특별시,서대문구,남가좌동,2022,1,9,13,18,일,0,0,0,149,"건축,구조물",부주의,음식물 조리중,식품,음식물,,,주거,공동주택,아파트,,3.3,0.0,1.0,66,1011.4,0.0,5.4
서울특별시,종로구,종로5가,2022,1,9,19,24,일,0,0,0,81,기타(쓰레기 화재등),부주의,"기기(전기, 기계 등) 사용.설치부주의","전기,전자","전기, 전자기기 케이스",,,기타,야외,기타야외,,1.4,0.0,1.3,57,1012.0,0.0,-1.0
서울특별시,서대문구,대현동,2022,1,9,20,48,일,0,0,0,0,기타(쓰레기 화재등),부주의,담배꽁초,쓰레기류,재활용,,,기타,야외,쓰레기,,0.8,0.0,1.6,61,1012.3,0.0,-1.2
서울특별시,동대문구,제기동,2022,1,10,8,35,월,0,0,0,625,"건축,구조물",전기적 요인,반단선,"전기,전자",전선피복,계절용 기기,전기장판/담요/방석류,"판매,업무시설",숙박시설,모텔,,-3.3,0.0,2.0,84,1012.0,0.0,-4.5
서울특별시,서대문구,충정로2가,2022,1,10,15,23,월,0,0,0,301,"건축,구조물",전기적 요인,절연열화에 의한 단락,"전기,전자",전선피복,,,"의료,복지시설",건강시설,"목욕장(사우나, 찜질방)",,4.0,0.0,2.8,40,1008.9,0.0,3.2
서울특별시,동대문구,제기동,2022,1,10,21,20,월,0,0,0,179,"건축,구조물",부주의,"불씨,불꽃,화원방치",합성수지,"플라스틱, PVC, 비닐, 장판",,,주거,기타주택,기타 주택,,1.4,0.0,1.9,58,1007.3,0.0,-0.2
서울특별시,성북구,안암동5가,2022,1,11,14,37,화,0,0,0,40743,"건축,구조물",미상,미상,미상,미상,,,교육시설,학교,대학교,,-5.4,0.0,4.4,44,1009.3,0.3,3.9
서울특별시,동대문구,회기동,2022,1,11,16,9,화,0,0,0,15,기타(쓰레기 화재등),전기적 요인,미확인단락,기타,기타,,,기타,야외,기타야외,,-4.8,0.0,3.7,39,1009.8,0.2,-0.2
서울특별시,서대문구,홍은동,2022,1,12,16,30,수,0,0,0,44898,"건축,구조물",미상,미상,미상,미상,,,"판매,업무시설",일반업무,일반빌딩,,-4.0,0.0,3.5,35,1010.9,0.0,-0.2
서울특별시,종로구,부암동,2022,1,12,17,49,수,0,0,0,0,기타(쓰레기 화재등),부주의,쓰레기 소각,"종이,목재,건초등","풀, 나뭇잎",,,기타,야외,쓰레기,,-4.6,0.0,2.0,39,1010.9,0.0,-0.8
서울특별시,동대문구,신설동,2022,1,12,19,31,수,0,0,0,3072,"건축,구조물",전기적 요인,트래킹에 의한 단락,"종이,목재,건초등",종이,,,"판매,업무시설",일반업무,오피스텔,,-5.5,0.0,2.9,47,1011.8,0.0,-3.4
서울특별시,중구,신당동,2022,1,12,23,38,수,0,0,0,113,"건축,구조물",부주의,"기기(전기, 기계 등) 사용.설치부주의","침구,직물류","이불(베개,시트)",계절용 기기,전기히터/스토브,주거,단독주택,단독주택,,-6.5,0.0,2.2,46,1010.7,0.0,-5.4
서울특별시,성북구,돈암동,2022,1,13,3,27,목,0,0,0,30,기타(쓰레기 화재등),부주의,담배꽁초,"종이,목재,건초등",종이,,,기타,야외,쓰레기,,-7.0,0.0,1.6,44,1009.3,0.0,-5.2
서울특별시,중구,을지로5가,2022,1,13,15,47,목,0,0,0,375,"건축,구조물",전기적 요인,미확인단락,"전기,전자",전선피복,계절용 기기,환풍기/송풍기/공조기,"판매,업무시설",숙박시설,호텔,,-3.3,0.0,4.3,33,1009.8,0.0,2.7
서울특별시,서대문구,북아현동,2022,1,14,13,16,금,0,0,0,6,"건축,구조물",방화의심,방화의심,가구,"테이블, 의자",,,"판매,업무시설",일반업무,기타 일반업무시설,,-0.1,0.0,2.1,31,1015.1,0.0,8.5
서울특별시,성북구,정릉동,2022,1,14,18,42,금,0,0,0,5940,"자동차,철도차량",미상,미상,미상,미상,"차량, 선박부품","기타(차량,선박부품)","자동차,철도차량",자동차,승용자동차,일반도로,-1.5,0.0,1.8,31,1013.2,0.0,-2.1
서울특별시,종로구,계동,2022,1,14,19,53,금,0,0,0,410,"건축,구조물",부주의,담배꽁초,"종이,목재,건초등",종이,,,생활서비스,음식점,한식,,-2.7,0.0,1.7,33,1014.0,0.0,-2.9
서울특별시,성북구,장위동,2022,1,16,16,18,일,0,0,0,48,임야,부주의,"불씨,불꽃,화원방치","종이,목재,건초등","기타(종이,목재,건초등)",,,임야,산불,공유림,,-0.1,0.0,4.0,38,1014.6,0.0,0.4
서울특별시,동대문구,제기동,2022,1,16,18,52,일,0,0,0,28,"건축,구조물",부주의,가연물 근접방치,합성수지,"플라스틱, PVC, 비닐, 장판",,,"판매,업무시설",일반업무,오피스텔,,-2.4,0.0,2.8,43,1015.1,0.0,-2.3
서울특별시,중구,신당동,2022,1,17,14,27,월,0,0,0,31,"건축,구조물",전기적 요인,절연열화에 의한 단락,"전기,전자",전선피복,,,"판매,업무시설",판매시설,시장,,-1.0,0.0,3.4,54,1014.4,0.0,3.1
서울특별시,중구,순화동,2022,1,17,17,24,월,0,0,0,9,기타(쓰레기 화재등),부주의,담배꽁초,쓰레기류,쓰레기,,,기타,야외,쓰레기,,-2.5,0.0,3.8,78,1014.1,0.3,-0.9
서울특별시,서대문구,남가좌동,2022,1,17,23,5,월,0,0,0,121,"건축,구조물",전기적 요인,과부하/과전류,기타,기타,전기설비,배전반/분전반,생활서비스,위락시설,기타 위락시설,,-7.2,0.0,1.3,53,1018.2,0.6,-5.5
서울특별시,동대문구,회기동,2022,1,18,0,51,화,0,0,0,340,"건축,구조물",부주의,담배꽁초,기타,기타,,,주거,단독주택,다가구주택,,-7.7,0.0,2.2,56,1017.9,0.5,-5.9
서울특별시,종로구,부암동,2022,1,18,8,24,화,0,0,0,49,"건축,구조물",부주의,가연물 근접방치,가연성가스,기타(가연성가스),,,집합시설,운동시설,기타 운동시설,,-9.6,0.0,2.4,61,1018.7,0.4,-7.7
서울특별시,중구,황학동,2022,1,18,10,35,화,0,0,0,330,"건축,구조물",부주의,담배꽁초,쓰레기류,폐목재,,,생활서비스,음식점,한식,,-7.5,0.0,3.0,51,1019.4,0.4,-2.9
서울특별시,동대문구,용두동,2022,1,18,11,30,화,2,0,2,18625,"건축,구조물",미상,미상,"전기,전자",전선피복,,,생활서비스,일상서비스,기타 일상서비스,,-5.6,0.0,2.9,44,1019.3,0.3,1.7
서울특별시,중구,을지로2가,2022,1,18,14,9,화,0,0,0,1634,"건축,구조물",전기적 요인,층간단락,"전기,전자","작동장치(모터, 히터, 램프 등)",,,"판매,업무시설",판매시설,상점가,,-1.8,0.0,3.2,29,1016.8,0.0,8.9
서울특별시,성북구,장위동,2022,1,18,20,31,화,0,0,0,169,"건축,구조물",전기적 요인,절연열화에 의한 단락,"전기,전자",전선피복,,,주거,단독주택,단독주택,,-4.0,0.0,3.0,49,1017.0,0.0,-4.1
서울특별시,성북구,장위동,2022,1,19,9,32,수,0,0,0,32093,"건축,구조물",전기적 요인,과부하/과전류,"침구,직물류","이불(베개,시트)",계절용 기기,전기장판/담요/방석류,주거,단독주택,단독주택,,-4.8,0.0,2.0,59,1014.1,0.0,-3.1
서울특별시,서대문구,북아현동,2022,1,20,10,13,목,0,0,0,286,"건축,구조물",부주의,"기기(전기, 기계 등) 사용.설치부주의","침구,직물류","이불(베개,시트)",,,주거,공동주택,아파트,,-6.0,0.0,1.1,73,1018.9,1.9,-3.0
서울특별시,종로구,관훈동,2022,1,20,20,43,목,0,0,0,332,"건축,구조물",부주의,음식물 조리중,식품,튀김유,,,생활서비스,음식점,한식,,-2.8,0.0,2.3,53,1019.1,0.0,-3.0
서울특별시,서대문구,합동,2022,1,20,21,4,목,0,0,0,9,"건축,구조물",부주의,음식물 조리중,식품,튀김유,,,"판매,업무시설",일반업무,오피스텔,,-3.7,0.0,0.7,51,1019.3,0.0,-4.0
서울특별시,서대문구,북아현동,2022,1,21,4,1,금,0,0,0,9,"건축,구조물",부주의,음식물 조리중,식품,음식물,,,주거,공동주택,아파트,,-7.2,0.0,1.6,70,1019.7,0.0,-6.9
서울특별시,종로구,계동,2022,1,21,13,29,금,0,0,0,473,"자동차,철도차량",미상,미상,"종이,목재,건초등",종이,,,"자동차,철도차량",자동차,화물자동차,주차장,1.6,0.0,2.8,42,1019.8,0.0,8.5
서울특별시,서대문구,천연동,2022,1,21,20,46,금,0,0,0,323,"건축,구조물",기타,기타,식품,기타(식품),,,생활서비스,음식점,"치킨,족발(휴게)",,-0.8,0.0,1.7,49,1018.5,0.0,-2.4
서울특별시,중구,신당동,2022,1,21,21,43,금,0,0,0,375,"건축,구조물",전기적 요인,접촉불량에 의한 단락,합성수지,"플라스틱, PVC, 비닐, 장판",배선/배선기구,스위치 멀티탭,"판매,업무시설",일반업무,일반빌딩,,-1.8,0.0,0.7,51,1018.4,0.0,-3.1
서울특별시,성북구,종암동,2022,1,22,2,29,토,0,0,0,412,"건축,구조물",부주의,가연물 근접방치,"종이,목재,건초등",종이,,,"판매,업무시설",판매시설,할인점(마트),,-3.7,0.0,1.8,64,1017.2,0.0,-5.1
서울특별시,성북구,장위동,2022,1,22,7,55,토,0,0,0,66,"건축,구조물",전기적 요인,절연열화에 의한 단락,합성수지,"플라스틱, PVC, 비닐, 장판",,,생활서비스,음식점,한식,,-4.7,0.0,2.1,68,1016.9,0.0,-5.7
서울특별시,중구,황학동,2022,1,22,21,56,토,0,0,0,287,"건축,구조물",미상,미상,쓰레기류,기타 쓰레기,,,산업시설,창고시설,기타 창고,,1.2,0.0,1.9,45,1014.3,0.0,-0.9
서울특별시,서대문구,창천동,2022,1,22,22,34,토,1,1,0,5733,"건축,구조물",부주의,가연물 근접방치,"침구,직물류","이불(베개,시트)",,,주거,단독주택,다가구주택,,0.7,0.0,1.5,47,1014.3,0.0,-1.3
서울특별시,서대문구,대현동,2022,1,22,23,41,토,0,0,0,128,"건축,구조물",부주의,기타(부주의),합성수지,"플라스틱, PVC, 비닐, 장판",,,"판매,업무시설",일반업무,오피스텔,,0.2,0.0,1.4,51,1014.3,0.0,-0.9
서울특별시,종로구,통인동,2022,1,22,23,51,토,0,0,0,13627,"건축,구조물",기계적 요인,"과열, 과부하","전기,전자","전기, 전자기기 절연유",생활기기,기타(생활기기),주거,단독주택,상가주택(주택부분에서 화재가 발생한 경우에만 해당),,0.2,0.0,1.4,51,1014.3,0.0,-0.9
서울특별시,동대문구,휘경동,2022,1,24,1,12,월,0,0,0,20,기타(쓰레기 화재등),부주의,"불씨,불꽃,화원방치","종이,목재,건초등","목재, 합판",,,기타,야외,쓰레기,,1.6,0.0,3.5,66,1010.7,0.0,-1.5
서울특별시,종로구,홍지동,2022,1,24,7,16,월,2,2,0,10254,"건축,구조물",미상,미상,"침구,직물류","기타(침구,직물류)",,,주거,공동주택,연립주택,,1.9,0.0,4.3,69,1010.9,0.0,-1.8
서울특별시,중구,신당동,2022,1,24,9,1,월,0,0,0,120781,"건축,구조물",미상,미상,미상,미상,,,산업시설,작업장,기타 작업장,,2.7,0.0,4.4,65,1011.9,0.0,-0.8
서울특별시,종로구,종로6가,2022,1,25,22,13,화,0,0,0,1108,"건축,구조물",전기적 요인,절연열화에 의한 단락,"전기,전자","기타(전기,전자)",전기설비,무정전전원장치(UPS),운수자동차시설,"역사,터미널",지하철역사,,2.6,0.0,1.4,81,1011.0,0.0,-0.1
서울특별시,중구,신당동,2022,1,26,10,13,수,0,0,0,12,"건축,구조물",부주의,음식물 조리중,식품,음식물,주방기기,이동용 가스렌지,주거,공동주택,아파트,,0.7,0.0,1.0,83,1014.4,0.0,-0.2
서울특별시,성북구,정릉동,2022,1,26,12,5,수,0,0,0,9,"건축,구조물",부주의,담배꽁초,쓰레기류,쓰레기,,,주거,단독주택,다가구주택,,3.8,0.0,2.3,53,1014.3,0.0,7.4
서울특별시,성북구,종암동,2022,1,26,21,51,수,0,0,0,25417,"건축,구조물",전기적 요인,과부하/과전류,"전기,전자","전기, 전자기기 케이스",계절용 기기,기타(계절용기기),주거,공동주택,연립주택,,0.7,0.0,0.8,54,1014.4,0.0,-1.1
서울특별시,중구,순화동,2022,1,26,23,41,수,0,0,0,112,기타(쓰레기 화재등),부주의,담배꽁초,쓰레기류,폐목재,,,기타,야외,쓰레기,,-0.6,0.0,3.0,45,1014.7,0.0,-1.6
서울특별시,중구,남대문로5가,2022,1,27,3,0,목,0,0,0,26503,"건축,구조물",미상,미상,기타,기타,미상,미상,"판매,업무시설",일반업무,일반빌딩,,-2.5,0.0,1.7,56,1014.8,0.0,-2.1
서울특별시,성북구,정릉동,2022,1,28,11,0,금,0,0,0,1,기타(쓰레기 화재등),부주의,쓰레기 소각,쓰레기류,쓰레기,,,기타,야외,쓰레기,,-1.8,0.0,3.4,48,1015.3,0.0,1.6
서울특별시,성북구,장위동,2022,1,29,22,45,토,0,0,0,199,"건축,구조물",전기적 요인,과부하/과전류,기타,기타,,,주거,단독주택,단독주택,,-3.4,0.0,1.5,43,1010.8,0.0,-3.9
서울특별시,중구,을지로2가,2022,1,30,0,9,일,0,0,0,5,기타(쓰레기 화재등),부주의,담배꽁초,쓰레기류,쓰레기,,,기타,야외,쓰레기,,-4.6,0.0,3.3,51,1011.5,0.0,-4.8
서울특별시,서대문구,남가좌동,2022,1,30,16,0,일,0,0,0,3817,"건축,구조물",전기적 요인,기타(전기적요인),"전기,전자",전선피복,,,생활서비스,일상서비스,기타 일상서비스,,2.0,0.0,4.0,28,1010.0,0.0,4.0
서울특별시,성북구,성북동,2022,1,30,20,17,일,0,0,0,9,기타(쓰레기 화재등),부주의,담배꽁초,쓰레기류,쓰레기,,,기타,야외,쓰레기,,-0.9,0.0,1.0,34,1011.8,0.0,-2.4
서울특별시,동대문구,전농동,2022,1,30,21,40,일,1,0,1,27,"건축,구조물",부주의,음식물 조리중,"침구,직물류",의류,,,주거,단독주택,다가구주택,,-1.2,0.0,3.6,41,1012.2,0.0,-2.8
서울특별시,동대문구,전농동,2022,1,31,9,19,월,0,0,0,200,"건축,구조물",전기적 요인,절연열화에 의한 단락,"전기,전자","기타(전기,전자)",생활기기,전동킥보드,생활서비스,일상서비스,기타 일상서비스,,-5.4,0.0,1.1,59,1014.8,0.0,-5.0
서울특별시,성북구,종암동,2022,1,31,17,1,월,0,0,0,11,"건축,구조물",부주의,음식물 조리중,식품,튀김유,,,"판매,업무시설",판매시설,할인점(마트),,3.3,0.0,2.4,53,1012.5,0.0,0.7
서울특별시,중구,북창동,2022,1,31,18,50,월,0,0,0,60,"건축,구조물",전기적 요인,미확인단락,"전기,전자",전선피복,기타,기타,"판매,업무시설",판매시설,기타 판매시설,,2.3,0.0,1.9,57,1012.1,0.0,-0.4
서울특별시,서대문구,북가좌동,2022,7,1,0,41,금,0,0,0,440,"자동차,철도차량",기타,기타,"전기,전자",전선피복,,,"자동차,철도차량",자동차,소형 승합차,일반도로,21.9,0.0,1.1,99,1003.0,0.0,21.9
서울특별시,서대문구,연희동,2022,7,1,7,45,금,0,0,0,180,기타(쓰레기 화재등),전기적 요인,접촉불량에 의한 단락,"전기,전자",전선피복,,,기타,야외,기타야외,,23.4,0.0,1.5,99,1004.6,0.0,23.6
서울특별시,중구,충무로2가,2022,7,1,9,15,금,2,0,2,357783,"건축,구조물",미상,미상,미상,미상,,,"판매,업무시설",일반업무,일반회사,,25.6,0.0,2.0,95,1004.8,0.0,31.2
서울특별시,동대문구,장안동,2022,7,1,10,22,금,0,0,0,815,"건축,구조물",전기적 요인,미확인단락,합성수지,"플라스틱, PVC, 비닐, 장판",,,"판매,업무시설",일반업무,오피스텔,,26.9,0.0,2.7,85,1004.9,0.0,31.6
서울특별시,종로구,종로1가,2022,7,1,11,8,금,0,0,0,33,"건축,구조물",부주의,음식물 조리중,식품,튀김유,,,"판매,업무시설",판매시설,상가빌딩,,27.6,0.0,2.1,80,1005.1,0.0,34.1
서울특별시,중구,남대문로5가,2022,7,2,7,27,토,0,0,0,35,"건축,구조물",전기적 요인,절연열화에 의한 단락,"전기,전자",전선피복,전기설비,기타(전기설비),"판매,업무시설",판매시설,상가빌딩,,24.6,0.0,1.4,92,1004.1,0.0,23.9
서울특별시,서대문구,연희동,2022,7,2,17,26,토,0,0,0,0,기타(쓰레기 화재등),부주의,담배꽁초,"종이,목재,건초등","기타(종이,목재,건초등)",,,기타,야외,쓰레기,,33.5,0.0,1.7,57,1000.6,0.0,36.8
서울특별시,종로구,평창동,2022,7,2,23,12,토,0,0,0,2772,"자동차,철도차량",미상,미상,미상,미상,,,"자동차,철도차량",자동차,승용자동차,일반도로,27.7,0.0,1.9,81,1001.1,0.0,25.2
서울특별시,중구,만리동2가,2022,7,2,23,31,토,0,0,0,100,"건축,구조물",전기적 요인,과부하/과전류,"전기,전자","전기, 전자기기 기판",,,주거,공동주택,다세대주택,,27.7,0.0,1.9,81,1001.1,0.0,25.2
서울특별시,종로구,평창동,2022,7,3,7,38,일,0,0,0,2610,"건축,구조물",미상,미상,미상,미상,,,주거,단독주택,단독주택,,25.0,0.0,0.9,86,1000.4,0.0,24.8
서울특별시,종로구,명륜3가,2022,7,3,11,5,일,0,0,0,8,"건축,구조물",부주의,음식물 조리중,식품,음식물,,,주거,단독주택,다가구주택,,31.9,0.0,1.6,54,999.1,0.0,39.7
서울특별시,종로구,종로6가,2022,7,3,15,47,일,0,0,0,0,기타(쓰레기 화재등),부주의,담배꽁초,"종이,목재,건초등",종이,,,기타,야외,쓰레기,,33.7,0.0,2.9,49,997.5,0.0,41.9
서울특별시,서대문구,북아현동,2022,7,3,21,46,일,0,0,0,449,"건축,구조물",전기적 요인,절연열화에 의한 단락,"전기,전자","전기, 전자기기 기판","조명, 간판",LED조명,"판매,업무시설",일반업무,일반회사,,29.4,0.0,1.7,65,997.1,0.0,27.1
서울특별시,서대문구,북아현동,2022,7,4,13,5,월,0,0,0,11,"건축,구조물",부주의,음식물 조리중,식품,음식물,,,주거,단독주택,단독주택,,30.3,0.0,3.1,68,995.5,0.0,33.1
서울특별시,성북구,종암동,2022,7,4,19,32,월,0,0,0,87,"건축,구조물",전기적 요인,기타(전기적요인),"전기,전자",전선피복,,,생활서비스,일상서비스,고시원(원룸텔),,30.5,0.0,3.1,71,994.0,0.0,30.1
서울특별시,중구,신당동,2022,7,5,0,1,화,0,0,0,438,기타(쓰레기 화재등),제품결함,제조상결함,"전기,전자",전자기기 부속품,"차량, 선박부품",배터리,기타,야외,기타야외,,28.4,0.0,1.7,74,994.9,0.0,25.9
서울특별시,성북구,장위동,2022,7,5,18,27,화,0,0,0,79,"건축,구조물",전기적 요인,과부하/과전류,"전기,전자",전자기기 부속품,"조명, 간판",LED조명,주거,공동주택,아파트,,30.8,0.0,3.6,70,994.3,0.0,33.5
서울특별시,동대문구,장안동,2022,7,5,22,48,화,0,0,0,7686,"건축,구조물",전기적 요인,미확인단락,합성수지,"플라스틱, PVC, 비닐, 장판",,,산업시설,작업장,기타 작업장,,28.8,0.0,1.3,77,996.5,0.0,27.1
서울특별시,종로구,숭인동,2022,7,6,9,23,수,0,0,0,8327,"건축,구조물",미상,미상,미상,미상,,,주거,단독주택,단독주택,,28.8,0.0,1.7,79,998.2,0.0,33.1
서울특별시,서대문구,창천동,2022,7,6,22,12,수,0,0,0,89,"건축,구조물",전기적 요인,기타(전기적요인),"전기,전자","전기, 전자기기 기판",,,주거,단독주택,다가구주택,,27.8,0.7,4.6,84,997.9,0.0,26.9
서울특별시,성북구,동소문동4가,2022,7,6,22,55,수,0,0,0,1,"건축,구조물",방화의심,방화의심,"종이,목재,건초등",종이,,,주거,공동주택,아파트,,27.8,0.7,4.6,84,997.9,0.0,26.9
서울특별시,성북구,보문동5가,2022,7,6,23,39,수,0,0,0,165,"건축,구조물",전기적 요인,접촉불량에 의한 단락,"전기,전자",전선피복,생활기기,세탁기,주거,단독주택,다중주택,,26.6,15.4,1.4,91,997.5,0.0,26.0
서울특별시,동대문구,장안동,2022,7,7,19,7,목,0,0,0,55,"건축,구조물",부주의,"기기(전기, 기계 등) 사용.설치부주의",합성수지,"플라스틱, PVC, 비닐, 장판",,,주거,공동주택,아파트,,29.1,0.0,5.0,81,993.6,0.0,27.8
서울특별시,동대문구,휘경동,2022,7,7,22,4,목,0,0,0,983,"건축,구조물",전기적 요인,미확인단락,합성수지,"플라스틱, PVC, 비닐, 장판",,,주거,기타주택,기타 주택,,26.9,0.0,3.7,92,994.7,0.0,26.5
서울특별시,동대문구,용두동,2022,7,8,3,38,금,0,0,0,11,"건축,구조물",부주의,담배꽁초,"종이,목재,건초등",종이,,,"판매,업무시설",일반업무,오피스텔,,25.2,0.0,3.9,91,993.7,0.0,25.0
서울특별시,성북구,석관동,2022,7,9,1,44,토,0,0,0,59,"자동차,철도차량",미상,미상,미상,미상,"차량, 선박부품",라이트장치,"자동차,철도차량",자동차,승용자동차,일반도로,24.0,0.1,1.8,94,992.3,0.0,24.2
서울특별시,서대문구,홍은동,2022,7,9,7,16,토,0,0,0,11,기타(쓰레기 화재등),부주의,"용접, 절단, 연마","종이,목재,건초등","기타(종이,목재,건초등)",,,기타,야외,쓰레기,,24.1,0.0,2.0,94,993.1,0.0,24.7
서울특별시,동대문구,이문동,2022,7,9,7,42,토,0,0,0,50,"건축,구조물",부주의,음식물 조리중,식품,음식물,,,주거,단독주택,다가구주택,,24.1,0.0,2.0,94,993.1,0.0,24.7
서울특별시,중구,주교동,2022,7,9,11,15,토,0,0,0,240,"건축,구조물",전기적 요인,미확인단락,"전기,전자",전선피복,,,산업시설,작업장,기타 작업장,,26.6,0.0,1.8,85,993.2,0.0,31.9
서울특별시,서대문구,홍제동,2022,7,9,15,27,토,0,0,0,415,"건축,구조물",기타,기타,기타,기타,,,생활서비스,음식점,"치킨,족발",,30.7,0.0,1.5,68,992.2,0.0,34.5
서울특별시,서대문구,천연동,2022,7,10,7,57,일,0,0,0,929,"건축,구조물",기계적 요인,자동제어 실패,"전기,전자",전자기기 부속품,주방기기,냉온수기/정수기,"판매,업무시설",일반업무,기타 일반업무시설,,25.1,0.0,1.7,88,995.4,0.0,25.6
서울특별시,서대문구,창천동,2022,7,10,10,55,일,0,0,0,475,"건축,구조물",기계적 요인,정비불량,식품,기타(식품),주방기기,튀김기,생활서비스,음식점,일식,,29.4,0.0,1.0,72,996.3,0.0,36.5
서울특별시,중구,인현동1가,2022,7,10,12,30,일,0,0,0,101,기타(쓰레기 화재등),부주의,담배꽁초,"종이,목재,건초등",종이,,,기타,야외,쓰레기,,31.8,0.0,1.2,63,995.6,0.0,38.8
서울특별시,동대문구,용두동,2022,7,10,16,54,일,0,0,0,548,"건축,구조물",전기적 요인,절연열화에 의한 단락,"전기,전자",전선피복,계절용 기기,에어컨,주거,공동주택,아파트,,35.0,0.0,1.8,48,993.7,0.0,42.4
서울특별시,종로구,무악동,2022,7,11,10,39,월,0,0,0,12,"건축,구조물",부주의,음식물 조리중,식품,음식물,,,주거,공동주택,아파트,,28.0,0.0,1.4,65,995.3,0.0,33.4
서울특별시,종로구,동숭동,2022,7,11,12,22,월,0,0,0,0,기타(쓰레기 화재등),부주의,담배꽁초,"종이,목재,건초등",종이,,,기타,야외,쓰레기,,29.7,0.0,1.4,63,995.3,0.0,37.5
서울특별시,동대문구,전농동,2022,7,12,0,29,화,0,0,0,3219,"건축,구조물",전기적 요인,미확인단락,가구,소파,계절용 기기,기타(계절용기기),"판매,업무시설",일반업무,기타 일반업무시설,,25.1,0.0,2.9,77,998.5,0.0,23.4
서울특별시,동대문구,용두동,2022,7,12,1,44,화,1,0,1,351,"건축,구조물",부주의,음식물 조리중,식품,튀김유,주방기기,가스렌지,주거,단독주택,단독주택,,24.6,0.0,2.5,78,998.2,0.0,23.0
서울특별시,종로구,창신동,2022,7,12,18,38,화,0,0,0,0,기타(쓰레기 화재등),부주의,담배꽁초,쓰레기류,재활용,,,기타,야외,쓰레기,,29.1,0.0,1.7,71,996.8,0.0,28.5
서울특별시,중구,신당동,2022,7,13,9,23,수,0,0,0,45,"건축,구조물",부주의,음식물 조리중,식품,음식물,,,주거,단독주택,다가구주택,,24.9,1.0,2.2,93,995.0,0.0,24.9
서울특별시,종로구,관훈동,2022,7,13,15,29,수,0,0,0,487,"건축,구조물",전기적 요인,기타(전기적요인),"전기,전자","전기, 전자기기 내부배선",,,집합시설,전시장,기타 전시장,,24.1,22.6,2.7,100,989.5,0.0,23.8
서울특별시,중구,신당동,2022,7,13,15,53,수,0,0,0,347,"건축,구조물",전기적 요인,접촉불량에 의한 단락,"전기,전자",전선피복,,,"판매,업무시설",일반업무,일반빌딩,,24.1,22.6,2.7,100,989.5,0.0,23.8
서울특별시,종로구,수송동,2022,7,13,16,29,수,0,0,0,498,"건축,구조물",기계적 요인,"과열, 과부하","전기,전자",전자기기 부속품,,,"판매,업무시설",일반업무,일반회사,,24.4,22.3,3.7,99,988.6,0.0,24.1
서울특별시,중구,신당동,2022,7,13,17,40,수,0,0,0,242,"건축,구조물",부주의,음식물 조리중,식품,튀김유,,,주거,공동주택,다세대주택,,24.3,13.1,1.7,99,989.7,0.0,23.9
서울특별시,중구,북창동,2022,7,14,16,51,목,0,0,0,23,"건축,구조물",전기적 요인,절연열화에 의한 단락,"종이,목재,건초등","목재, 합판",,,생활서비스,음식점,한식(휴게),,29.7,0.0,3.2,65,989.9,0.0,35.3
서울특별시,성북구,길음동,2022,7,14,18,41,목,0,0,0,15,"건축,구조물",방화,방화,"종이,목재,건초등",종이,,,주거,공동주택,아파트,,28.5,0.0,3.6,71,990.0,0.0,28.4
서울특별시,종로구,창신동,2022,7,15,11,37,금,0,0,0,369,"건축,구조물",전기적 요인,미확인단락,"전기,전자",전선피복,,,"판매,업무시설",숙박시설,여관,,27.6,0.0,2.2,72,990.4,0.0,37.7
서울특별시,동대문구,회기동,2022,7,15,22,47,금,0,0,0,21968,"건축,구조물",전기적 요인,미확인단락,합성수지,"플라스틱, PVC, 비닐, 장판",배선/배선기구,콘센트,교육시설,학교,대학교,,24.5,0.0,2.6,84,989.0,0.0,23.2
서울특별시,서대문구,대현동,2022,7,16,12,49,토,0,0,0,403,"건축,구조물",전기적 요인,미확인단락,"전기,전자",전선피복,계절용 기기,환풍기/송풍기/공조기,주거,단독주택,기타 단독주택,,27.8,0.0,2.1,68,987.8,0.0,32.4
서울특별시,동대문구,제기동,2022,7,16,21,11,토,0,0,0,682,"건축,구조물",전기적 요인,"누전,지락","전기,전자","콘센트, 스위치류",,,산업시설,창고시설,"창고, 물품저장소",,24.1,0.0,0.8,87,989.8,0.0,23.6
서울특별시,동대문구,답십리동,2022,7,17,23,10,일,0,0,0,97,"건축,구조물",전기적 요인,절연열화에 의한 단락,합성수지,기타(합성수지),계절용 기기,에어컨,주거,공동주택,아파트,,24.9,0.0,1.2,75,991.8,0.0,23.3
서울특별시,종로구,숭인동,2022,7,18,10,54,월,0,0,0,50,"건축,구조물",부주의,"용접, 절단, 연마",기타,기타,,,주거,공동주택,기타 공동주택,,27.5,0.0,2.4,75,989.7,0.0,35.0
서울특별시,성북구,동소문동3가,2022,7,19,9,20,화,0,0,0,182,"건축,구조물",부주의,"용접, 절단, 연마",기타,기타,,,운수자동차시설,자동차시설,"세차장, 폐차장",,27.2,0.0,2.1,78,991.5,0.0,31.9
서울특별시,중구,을지로2가,2022,7,19,18,43,화,0,0,0,9,기타(쓰레기 화재등),부주의,담배꽁초,쓰레기류,재활용,,,기타,야외,쓰레기,,29.1,0.0,3.7,66,992.9,0.0,31.6
서울특별시,성북구,길음동,2022,7,19,21,20,화,0,0,0,469,"건축,구조물",전기적 요인,접촉불량에 의한 단락,"전기,전자",전선피복,배선/배선기구,전력공급용 전선,주거,공동주택,아파트,,26.6,0.0,1.6,77,995.0,0.0,26.4
서울특별시,중구,소공동,2022,7,20,22,9,수,0,0,0,235,기타(쓰레기 화재등),부주의,담배꽁초,"종이,목재,건초등",종이,,,기타,야외,쓰레기,,26.2,0.3,1.4,81,995.8,0.0,26.0
서울특별시,성북구,종암동,2022,7,20,23,22,수,0,0,0,754,"건축,구조물",전기적 요인,접촉불량에 의한 단락,미상,미상,계절용 기기,에어컨,주거,공동주택,아파트,,25.3,0.0,1.8,79,995.3,0.0,25.3
서울특별시,중구,을지로5가,2022,7,22,10,8,금,0,0,0,385,"건축,구조물",기계적 요인,기타(기계적요인),"종이,목재,건초등",톱밥,산업장비,전동톱/절단기,산업시설,작업장,기타 작업장,,25.1,0.0,2.1,80,995.9,0.0,29.0
서울특별시,성북구,삼선동4가,2022,7,22,20,27,금,0,0,0,434,"건축,구조물",부주의,기타(부주의),"종이,목재,건초등",종이,,,주거,공동주택,기타 공동주택,,25.6,0.0,2.0,77,995.9,0.0,24.9
서울특별시,성북구,장위동,2022,7,24,20,44,일,0,0,0,941,"건축,구조물",전기적 요인,미확인단락,합성수지,"플라스틱, PVC, 비닐, 장판",계절용 기기,선풍기,주거,공동주택,다세대주택,,26.1,0.0,2.4,83,993.6,0.0,26.0
서울특별시,성북구,동선동1가,2022,7,25,8,44,월,0,0,0,9,"건축,구조물",방화의심,방화의심,"종이,목재,건초등",종이,,,"판매,업무시설",숙박시설,여관,,24.5,0.0,0.5,89,998.9,0.0,27.7
서울특별시,성북구,성북동,2022,7,25,17,29,월,0,0,0,11,기타(쓰레기 화재등),부주의,불장난,"종이,목재,건초등",나무,,,기타,도로,기타도로,,31.8,0.0,2.8,56,998.2,0.0,33.5
서울특별시,성북구,성북동,2022,7,26,16,37,화,0,0,0,9,기타(쓰레기 화재등),부주의,담배꽁초,"종이,목재,건초등",종이,,,기타,야외,쓰레기,,32.8,0.0,3.0,60,998.3,0.0,37.3
서울특별시,동대문구,용두동,2022,7,26,20,13,화,0,0,0,1254,"건축,구조물",부주의,담배꽁초,쓰레기류,쓰레기,,,"판매,업무시설",일반업무,오피스텔,,29.9,0.0,2.7,70,998.5,0.0,28.3
서울특별시,중구,황학동,2022,7,26,21,47,화,0,0,0,1460,"건축,구조물",전기적 요인,미확인단락,"전기,전자",전선피복,전기설비,배전반/분전반,"판매,업무시설",일반업무,오피스텔,,29.5,0.0,2.0,73,998.8,0.0,27.5
서울특별시,종로구,견지동,2022,7,27,14,53,수,0,0,0,532,"자동차,철도차량",부주의,가연물 근접방치,"자동차,철도차량,선박,항공기",부품,,,"자동차,철도차량",자동차,승용자동차,일반도로,32.4,0.0,2.3,58,998.7,0.0,37.6
서울특별시,서대문구,연희동,2022,7,27,22,10,수,0,0,0,149,"건축,구조물",전기적 요인,절연열화에 의한 단락,"전기,전자",전선피복,,,주거,단독주택,다가구주택,,28.4,0.0,2.2,61,1000.2,0.0,26.1
서울특별시,종로구,창신동,2022,7,28,0,24,목,0,0,0,27,"건축,구조물",부주의,가연물 근접방치,"종이,목재,건초등","기타(종이,목재,건초등)",,,주거,단독주택,단독주택,,27.6,0.0,1.5,64,1000.5,0.0,24.9
서울특별시,동대문구,장안동,2022,7,28,9,34,목,1,0,1,1488,"건축,구조물",부주의,"불씨,불꽃,화원방치",합성수지,"플라스틱, PVC, 비닐, 장판",,,생활서비스,일상서비스,기타 일상서비스,,28.4,0.0,2.6,66,1001.0,0.0,33.6
서울특별시,중구,남대문로4가,2022,7,28,16,38,목,0,0,0,5,기타(쓰레기 화재등),부주의,담배꽁초,"종이,목재,건초등",종이,,,기타,야외,쓰레기,,34.0,0.0,1.8,52,999.6,0.0,43.2
서울특별시,서대문구,충정로2가,2022,7,28,16,39,목,0,0,0,242,"건축,구조물",부주의,"용접, 절단, 연마","간판,차양막등",차양막,,,생활서비스,음식점,한식,,34.0,0.0,1.8,52,999.6,0.0,43.2
서울특별시,동대문구,장안동,2022,7,28,17,5,목,0,0,0,242,"자동차,철도차량",미상,미상,"자동차,철도차량,선박,항공기",범퍼,,,"자동차,철도차량",자동차,오토바이,일반도로,33.4,0.0,3.0,54,999.7,0.0,37.9
서울특별시,서대문구,남가좌동,2022,7,28,18,51,목,0,0,0,8869,"건축,구조물",전기적 요인,층간단락,"전기,전자",전자기기 부속품,주방기기,냉장고,주거,단독주택,상가주택(주택부분에서 화재가 발생한 경우에만 해당),,32.7,0.0,2.8,56,999.4,0.0,35.0
서울특별시,중구,수표동,2022,7,29,11,31,금,0,0,0,110,기타(쓰레기 화재등),전기적 요인,과부하/과전류,"전기,전자",전자기기 부속품,생활기기,기타(생활기기),기타,야외,공터,,32.6,0.0,2.6,62,1002.9,0.0,44.2
서울특별시,동대문구,용두동,2022,7,29,19,40,금,0,0,0,447,"건축,구조물",전기적 요인,절연열화에 의한 단락,"전기,전자",전선피복,계절용 기기,에어컨,주거,공동주택,아파트,,31.4,0.0,3.5,68,1000.5,0.0,32.3
서울특별시,중구,신당동,2022,7,29,20,31,금,0,0,0,396,"건축,구조물",전기적 요인,접촉불량에 의한 단락,"전기,전자",전선피복,,,생활서비스,음식점,중식,,30.9,0.0,2.4,69,1001.0,0.0,30.4
서울특별시,서대문구,북가좌동,2022,7,29,22,28,금,0,0,0,12,"건축,구조물",전기적 요인,과부하/과전류,"전기,전자","전기, 전자기기 기판",,,주거,공동주택,다세대주택,,29.8,0.0,1.0,73,1001.8,0.0,28.7
서울특별시,종로구,관철동,2022,7,30,0,2,토,0,0,0,34,"건축,구조물",부주의,음식물 조리중,식품,튀김유,,,생활서비스,음식점,일반주점,,29.2,0.0,2.4,77,1001.8,0.0,27.9
서울특별시,서대문구,창천동,2022,7,30,13,5,토,0,0,0,778,"건축,구조물",부주의,가연물 근접방치,미상,미상,,,주거,단독주택,다가구주택,,35.6,0.0,2.8,51,998.9,0.0,51.0
서울특별시,동대문구,제기동,2022,7,30,23,22,토,0,0,0,443,"건축,구조물",전기적 요인,"압착,손상에 의한 단락",합성수지,"플라스틱, PVC, 비닐, 장판",,,생활서비스,일상서비스,기타 일상서비스,,29.6,0.0,2.2,73,999.0,0.0,27.9
서울특별시,종로구,명륜3가,2022,7,31,12,3,일,0,0,0,62,"건축,구조물",부주의,음식물 조리중,기타,기타,,,"판매,업무시설",판매시설,상점가,,28.2,1.3,2.0,83,996.7,0.0,30.3
서울특별시,중구,장충동2가,2022,8,1,19,15,월,0,0,0,56,기타(쓰레기 화재등),전기적 요인,절연열화에 의한 단락,"전기,전자",전선피복,,,기타,야외,공터,,31.2,0.0,3.2,68,994.6,0.0,29.7
서울특별시,중구,필동1가,2022,8,1,20,30,월,0,0,0,9,기타(쓰레기 화재등),부주의,담배꽁초,쓰레기류,쓰레기,,,기타,야외,쓰레기,,30.2,0.0,3.5,71,994.6,0.0,28.2
서울특별시,종로구,돈의동,2022,8,2,17,45,화,0,0,0,14,"건축,구조물",부주의,가연물 근접방치,합성수지,"플라스틱, PVC, 비닐, 장판",,,주거,단독주택,기타 단독주택,,27.0,0.5,3.2,92,998.2,0.0,28.1
서울특별시,종로구,종로2가,2022,8,3,17,25,수,0,0,0,264,"자동차,철도차량",기계적 요인,"과열, 과부하","자동차,철도차량,선박,항공기",부품,,,"자동차,철도차량",자동차,버스,일반도로,29.6,0.0,2.8,80,999.5,0.0,30.9
서울특별시,중구,신당동,2022,8,3,18,41,수,0,0,0,30758,"건축,구조물",미상,미상,미상,미상,미상,미상,생활서비스,음식점,일반주점,,28.8,0.0,2.3,81,999.2,0.0,29.5
서울특별시,동대문구,이문동,2022,8,4,7,36,목,0,0,0,1021,"건축,구조물",전기적 요인,절연열화에 의한 단락,"전기,전자",전선피복,주방기기,냉장고,주거,단독주택,다가구주택,,26.4,0.0,1.6,91,1001.2,0.0,26.7
서울특별시,종로구,원남동,2022,8,4,10,14,목,0,0,0,27,"자동차,철도차량",기계적 요인,"과열, 과부하","전기,전자",전자기기 부속품,,,"자동차,철도차량",자동차,오토바이,일반도로,29.3,0.0,1.7,80,1001.1,0.0,36.0
서울특별시,중구,신당동,2022,8,4,21,29,목,0,0,0,113,"건축,구조물",부주의,"불씨,불꽃,화원방치",가구,소파,,,"판매,업무시설",판매시설,쇼핑센터,,28.4,0.0,2.6,78,998.4,0.0,26.3
서울특별시,서대문구,냉천동,2022,8,5,0,6,금,0,0,0,848,"건축,구조물",부주의,"불씨,불꽃,화원방치","종이,목재,건초등","기타(종이,목재,건초등)",,,생활서비스,음식점,한식,,27.2,0.0,1.5,86,998.1,0.0,25.4
서울특별시,동대문구,전농동,2022,8,5,10,1,금,0,0,0,237,"건축,구조물",전기적 요인,미확인단락,합성수지,"플라스틱, PVC, 비닐, 장판",,,주거,공동주택,아파트,,28.9,0.0,2.4,82,997.0,0.0,31.8
서울특별시,종로구,창신동,2022,8,5,12,30,금,0,0,0,15828,"건축,구조물",부주의,"불씨,불꽃,화원방치","침구,직물류",커튼,,,주거,단독주택,다가구주택,,31.2,0.0,2.7,70,996.2,0.0,40.1
서울특별시,종로구,이화동,2022,8,5,19,6,금,0,0,0,1041,"건축,구조물",부주의,"용접, 절단, 연마",합성수지,"플라스틱, PVC, 비닐, 장판",,,산업시설,공장시설,방직공업,,30.4,0.0,2.8,67,994.6,0.0,30.4
서울특별시,중구,장충동2가,2022,8,5,22,37,금,0,0,0,496,"건축,구조물",부주의,음식물 조리중,식품,튀김유,,,생활서비스,음식점,호프집,,28.7,0.0,2.4,80,995.9,0.0,28.0
서울특별시,동대문구,회기동,2022,8,5,22,39,금,0,0,0,121,"건축,구조물",미상,미상,미상,미상,전기설비,배전반/분전반,교육시설,"연구,학원",연구소,,28.7,0.0,2.4,80,995.9,0.0,28.0
서울특별시,동대문구,제기동,2022,8,7,0,4,일,0,0,0,80,"건축,구조물",전기적 요인,절연열화에 의한 단락,"전기,전자",전선피복,,,주거,단독주택,다가구주택,,28.2,0.0,0.9,88,997.0,0.0,26.5
서울특별시,종로구,명륜4가,2022,8,7,11,3,일,0,0,0,280,"건축,구조물",부주의,음식물 조리중,식품,음식물,,,생활서비스,음식점,기타 음식점,,28.6,0.0,1.9,84,996.7,0.0,29.7
서울특별시,서대문구,대현동,2022,8,7,21,0,일,0,0,0,46,"건축,구조물",전기적 요인,트래킹에 의한 단락,"전기,전자","콘센트, 스위치류",,,"판매,업무시설",판매시설,기타 판매시설,,29.2,0.0,4.0,78,995.8,0.0,27.2
서울특별시,종로구,명륜1가,2022,8,8,19,4,월,0,0,0,22,"건축,구조물",전기적 요인,트래킹에 의한 단락,"전기,전자",전선피복,,,생활서비스,일상서비스,부동산 중개업소,,25.6,12.5,2.5,96,996.3,0.0,25.5
서울특별시,동대문구,휘경동,2022,8,9,18,5,화,0,0,0,11,"건축,구조물",전기적 요인,"누전,지락","전기,전자","콘센트, 스위치류",,,생활서비스,음식점,호프집,,26.0,22.1,3.0,95,994.6,0.0,25.5
서울특별시,서대문구,옥천동,2022,8,9,18,6,화,0,0,0,348,"건축,구조물",부주의,"기기(전기, 기계 등) 사용.설치부주의","전기,전자",전선피복,,,"판매,업무시설",판매시설,기타 판매시설,,26.0,22.1,3.0,95,994.6,0.0,25.5
서울특별시,중구,태평로2가,2022,8,9,21,48,화,0,0,0,400,"건축,구조물",전기적 요인,절연열화에 의한 단락,"전기,전자",전선피복,,,"판매,업무시설",일반업무,일반빌딩,,24.5,19.5,2.3,96,994.7,0.0,24.4
서울특별시,종로구,혜화동,2022,8,10,1,53,수,1,0,1,4971,"건축,구조물",부주의,가연물 근접방치,가구,기타(가구),,,주거,단독주택,다중주택,,22.0,2.8,1.4,98,995.7,0.0,22.5
서울특별시,중구,주교동,2022,8,10,3,11,수,0,0,0,113843,"건축,구조물",전기적 요인,"누전,지락",가구,"침대, 매트리스",,,산업시설,창고시설,"창고, 물품저장소",,21.9,0.0,1.3,96,995.3,0.0,22.4
서울특별시,종로구,동숭동,2022,8,10,9,39,수,0,0,0,1022,"건축,구조물",미상,미상,미상,미상,,,교육시설,학교,대학교,,22.9,0.0,1.2,95,996.9,0.0,26.3
서울특별시,서대문구,충정로3가,2022,8,10,12,46,수,0,0,0,30,"건축,구조물",전기적 요인,접촉불량에 의한 단락,"전기,전자",전선피복,,,"판매,업무시설",일반업무,일반빌딩,,26.9,0.0,1.5,74,996.4,0.0,35.7
서울특별시,중구,소공동,2022,8,12,10,36,금,0,0,0,410,"건축,구조물",부주의,가연물 근접방치,"종이,목재,건초등",종이,산업장비,그라인더,"판매,업무시설",판매시설,백화점,,26.7,0.0,1.3,78,997.1,0.0,35.5
서울특별시,종로구,종로6가,2022,8,12,23,37,금,0,0,0,375,"건축,구조물",미상,미상,"종이,목재,건초등",종이,,,"판매,업무시설",일반업무,일반빌딩,,26.0,0.0,1.4,76,996.5,0.0,24.1
서울특별시,중구,을지로6가,2022,8,13,4,22,토,0,0,0,462,"건축,구조물",전기적 요인,기타(전기적요인),"전기,전자","기타(전기,전자)",전기설비,변압기,생활서비스,음식점,한식,,25.4,0.0,0.3,81,995.9,0.0,24.8
서울특별시,동대문구,청량리동,2022,8,13,14,10,토,0,0,0,180,"건축,구조물",전기적 요인,미확인단락,"전기,전자","전기, 전자기기 케이스",,,집합시설,운동시설,기타 운동시설,,24.8,1.3,1.2,90,995.5,0.0,25.6
서울특별시,서대문구,영천동,2022,8,14,10,14,일,0,0,0,131,"건축,구조물",전기적 요인,절연열화에 의한 단락,"전기,전자",전선피복,,,생활서비스,일상서비스,기타 일상서비스,,26.9,0.0,1.4,86,996.7,0.0,30.7
서울특별시,종로구,혜화동,2022,8,14,12,8,일,0,0,0,0,"건축,구조물",부주의,쓰레기 소각,"종이,목재,건초등",종이,,,주거,단독주택,단독주택,,29.8,0.0,1.2,75,995.8,0.0,36.1
서울특별시,성북구,정릉동,2022,8,14,23,6,일,0,0,0,14,"건축,구조물",전기적 요인,트래킹에 의한 단락,합성수지,"플라스틱, PVC, 비닐, 장판",주방기기,냉장고,주거,단독주택,다가구주택,,27.6,0.0,2.5,85,994.9,0.0,26.5
서울특별시,동대문구,제기동,2022,8,14,23,30,일,0,0,0,1363,"건축,구조물",전기적 요인,미확인단락,합성수지,"플라스틱, PVC, 비닐, 장판",,,생활서비스,일상서비스,일반상점,,27.6,0.0,2.5,85,994.9,0.0,26.5
서울특별시,종로구,숭인동,2022,8,15,7,2,월,0,0,0,299,"건축,구조물",전기적 요인,절연열화에 의한 단락,"전기,전자",전자기기 부속품,,,주거,공동주택,다세대주택,,27.6,0.0,5.6,84,992.2,0.0,26.1
서울특별시,중구,신당동,2022,8,15,22,5,월,0,0,0,61,"건축,구조물",전기적 요인,절연열화에 의한 단락,"간판,차양막등","기타(간판,차양막등)",,,주거,공동주택,아파트,,27.7,0.0,3.2,88,989.4,0.0,26.4
서울특별시,서대문구,홍제동,2022,8,16,9,18,화,1,0,1,224,"건축,구조물",화학적 요인,화학적 폭발,가연성가스,기타(가연성가스),,,주거,공동주택,아파트,,25.1,0.0,2.6,81,993.8,0.0,29.1
서울특별시,동대문구,용두동,2022,8,17,5,6,수,0,0,0,11,"건축,구조물",부주의,가연물 근접방치,"종이,목재,건초등",종이,,,"판매,업무시설",일반업무,오피스텔,,23.0,0.0,1.8,88,996.1,0.0,21.8
서울특별시,중구,만리동2가,2022,8,17,7,6,수,0,0,0,102,"건축,구조물",전기적 요인,접촉불량에 의한 단락,"전기,전자",전선피복,계절용 기기,에어컨,"판매,업무시설",일반업무,오피스텔,,23.0,0.0,1.8,89,996.8,0.0,22.9
서울특별시,중구,을지로3가,2022,8,17,18,32,수,1,0,1,1418,"건축,구조물",부주의,음식물 조리중,식품,튀김유,주방기기,가스렌지,생활서비스,음식점,양식,,28.3,0.0,3.0,67,995.0,0.0,27.9
서울특별시,동대문구,용두동,2022,8,18,9,44,목,0,0,0,330,"자동차,철도차량",기계적 요인,"오일,연료누설","자동차,철도차량,선박,항공기",전기배선,,,"자동차,철도차량",자동차,오토바이,일반도로,24.7,0.0,2.5,82,998.2,0.0,27.9
서울특별시,종로구,장사동,2022,8,18,12,34,목,0,0,0,301,"건축,구조물",전기적 요인,기타(전기적요인),"전기,전자","기타(전기,전자)",전기설비,배터리/축전기,기타서비스,기타건축물,기타 건축물,,27.9,0.0,0.8,67,997.5,0.0,36.7
서울특별시,중구,신당동,2022,8,18,14,54,목,0,0,0,5,"건축,구조물",부주의,음식물 조리중,식품,음식물,주방기기,가스렌지,생활서비스,음식점,일반주점,,29.6,0.0,2.0,61,996.9,0.0,35.8
서울특별시,서대문구,현저동,2022,8,19,9,21,금,0,0,0,2200,"자동차,철도차량",기계적 요인,정비불량,"자동차,철도차량,선박,항공기",전기배선,,,"자동차,철도차량",자동차,승용자동차,일반도로,25.5,0.0,2.0,78,994.4,0.0,28.3
서울특별시,동대문구,용두동,2022,8,19,15,36,금,0,0,0,18,"건축,구조물",부주의,담배꽁초,쓰레기류,쓰레기,,,생활서비스,일상서비스,일반상점,,27.2,0.0,2.7,82,989.9,0.0,26.4
서울특별시,성북구,삼선동1가,2022,8,21,9,10,일,0,0,0,33,"건축,구조물",전기적 요인,"누전,지락","전기,전자","전기, 전자기기 케이스",,,주거,단독주택,단독주택,,26.2,0.0,1.3,82,996.3,0.0,27.9
서울특별시,서대문구,남가좌동,2022,8,22,13,38,월,0,0,0,0,기타(쓰레기 화재등),부주의,담배꽁초,쓰레기류,재활용,,,기타,야외,쓰레기,,29.3,0.0,2.4,68,993.8,0.0,32.6
서울특별시,서대문구,연희동,2022,8,22,20,19,월,0,0,0,62,"건축,구조물",전기적 요인,기타(전기적요인),"전기,전자",전선피복,,,"판매,업무시설",일반업무,기타 일반업무시설,,27.3,0.0,2.2,72,994.2,0.0,25.8
서울특별시,중구,장충동2가,2022,8,23,0,0,화,0,0,0,381,"건축,구조물",전기적 요인,절연열화에 의한 단락,"전기,전자",전선피복,,,집합시설,공연장,기타 공연장,,23.0,0.0,0.7,87,995.2,0.0,23.8
서울특별시,동대문구,장안동,2022,8,23,19,55,화,0,0,0,35,"건축,구조물",전기적 요인,과부하/과전류,"전기,전자","콘센트, 스위치류",,,"판매,업무시설",일반업무,오피스텔,,27.3,0.0,3.5,57,995.8,0.0,24.6
서울특별시,서대문구,홍제동,2022,8,23,23,16,화,0,0,0,11,"건축,구조물",부주의,음식물 조리중,식품,음식물,,,주거,단독주택,다가구주택,,23.5,0.0,0.1,70,997.5,0.0,21.8
서울특별시,서대문구,창천동,2022,8,24,20,2,수,0,0,0,22,"건축,구조물",전기적 요인,기타(전기적요인),"전기,전자",전선피복,,,생활서비스,음식점,기타 음식점,,25.0,0.0,2.6,66,997.3,0.0,23.1
서울특별시,중구,중림동,2022,8,24,22,59,수,0,0,0,257,"건축,구조물",부주의,음식물 조리중,식품,음식물,,,생활서비스,음식점,한식,,24.1,0.0,2.1,70,997.9,0.0,21.9
서울특별시,성북구,길음동,2022,8,25,8,9,목,0,0,0,420,기타(쓰레기 화재등),부주의,기타(부주의),위험물등,도료류,,,기타,야외,기타야외,,22.3,0.0,2.2,82,997.7,0.0,23.3
서울특별시,서대문구,북가좌동,2022,8,25,22,40,목,0,0,0,550,"자동차,철도차량",전기적 요인,접촉불량에 의한 단락,"자동차,철도차량,선박,항공기",전기배선,,,"자동차,철도차량",자동차,화물자동차,일반도로,21.4,0.0,0.6,79,998.4,0.0,20.3
서울특별시,종로구,통인동,2022,8,26,3,14,금,0,0,0,55,"건축,구조물",부주의,가연물 근접방치,가구,"테이블, 의자",,,생활서비스,음식점,"커피숍,다방,카페(휴게)",,20.3,0.0,1.8,85,997.1,0.0,19.1
서울특별시,종로구,창신동,2022,8,26,6,23,금,0,0,0,1740,"건축,구조물",전기적 요인,절연열화에 의한 단락,"종이,목재,건초등","기타(종이,목재,건초등)",,,주거,공동주택,주상복합아파트,,20.1,0.0,0.9,88,997.9,0.0,18.9
서울특별시,동대문구,장안동,2022,8,26,12,23,금,0,0,0,22,"건축,구조물",기계적 요인,"과열, 과부하","종이,목재,건초등","목재, 합판",,,생활서비스,음식점,중식,,26.5,0.0,2.3,64,997.1,0.0,35.6
서울특별시,서대문구,합동,2022,8,27,4,22,토,0,0,0,5,"건축,구조물",전기적 요인,절연열화에 의한 단락,"전기,전자","전기, 전자기기 케이스",,,"의료,복지시설",노유자시설,기타 노유자시설,,19.4,0.0,3.2,85,998.3,0.0,19.0
서울특별시,중구,봉래동1가,2022,8,27,16,33,토,0,0,0,14914,"건축,구조물",전기적 요인,절연열화에 의한 단락,"전기,전자",전선피복,배선/배선기구,스위치 멀티탭,"판매,업무시설",판매시설,상가빌딩,,25.1,0.0,3.4,43,999.3,0.0,30.2
서울특별시,동대문구,이문동,2022,8,27,17,27,토,0,0,0,56,"건축,구조물",전기적 요인,절연열화에 의한 단락,"전기,전자",전선피복,,,생활서비스,음식점,호프집,,24.9,0.0,3.7,46,999.4,0.0,26.9
서울특별시,종로구,삼청동,2022,8,28,13,18,일,0,0,0,6053,"건축,구조물",전기적 요인,미확인단락,합성수지,"플라스틱, PVC, 비닐, 장판",,,생활서비스,음식점,양식,,26.3,0.0,2.5,42,1004.5,0.0,34.4
서울특별시,동대문구,제기동,2022,8,29,12,30,월,0,0,0,110,"건축,구조물",부주의,가연물 근접방치,기타,기타,,,생활서비스,일상서비스,기타 일상서비스,,20.6,0.1,3.1,85,1006.3,0.0,24.0
서울특별시,성북구,종암동,2022,8,30,0,10,화,0,0,0,4,"건축,구조물",기계적 요인,"과열, 과부하",쓰레기류,기타 쓰레기,,,생활서비스,일상서비스,고시원(원룸텔),,20.3,0.0,2.9,72,1005.0,0.0,19.8
서울특별시,서대문구,홍제동,2022,8,30,2,5,화,0,0,0,46,기타(쓰레기 화재등),부주의,담배꽁초,"종이,목재,건초등",종이,,,기타,야외,쓰레기,,19.9,0.1,2.0,80,1004.2,0.0,19.6
서울특별시,동대문구,답십리동,2022,8,30,15,43,화,0,0,0,5,"건축,구조물",전기적 요인,트래킹에 의한 단락,"전기,전자","콘센트, 스위치류",배선/배선기구,기타(배선/배선기구),주거,공동주택,아파트,,19.6,1.0,2.6,97,1000.2,0.0,21.8
서울특별시,종로구,명륜1가,2022,8,30,18,33,화,0,0,0,64,"건축,구조물",부주의,가연물 근접방치,"종이,목재,건초등",종이,,,생활서비스,오락시설,PC방(인터넷게임제공업),,19.7,0.6,1.2,97,999.2,0.0,20.7
서울특별시,종로구,낙원동,2022,8,31,16,48,수,0,0,0,5,"건축,구조물",전기적 요인,기타(전기적요인),미상,미상,,,생활서비스,음식점,한식(휴게),,23.7,0.0,1.7,79,998.1,0.0,27.0
서울특별시,종로구,창신동,2022,12,2,0,52,금,0,0,0,12,"건축,구조물",전기적 요인,트래킹에 의한 단락,"전기,전자","콘센트, 스위치류",,,산업시설,작업장,기타 작업장,,-6.0,0.0,1.4,54,1021.0,0.0,-3.4
서울특별시,서대문구,홍은동,2022,12,2,9,8,금,0,0,0,0,기타(쓰레기 화재등),부주의,담배꽁초,"종이,목재,건초등",종이,,,기타,야외,기타야외,,-6.3,0.0,2.7,45,1021.7,0.0,-3.7
서울특별시,성북구,석관동,2022,12,2,12,40,금,0,0,0,330,"자동차,철도차량",전기적 요인,미확인단락,"전기,전자",전선피복,"차량, 선박부품",배선,"자동차,철도차량",자동차,오토바이,공지,-0.2,0.0,2.1,32,1020.9,0.0,3.6
서울특별시,동대문구,장안동,2022,12,2,17,23,금,0,0,0,590,"건축,구조물",전기적 요인,절연열화에 의한 단락,"전기,전자",전선피복,,,주거,공동주택,아파트,,1.2,0.0,1.8,30,1017.6,0.0,-0.1
서울특별시,동대문구,전농동,2022,12,2,22,6,금,0,0,0,330,"건축,구조물",미상,미상,미상,미상,,,"판매,업무시설",일반업무,오피스텔,,-1.2,0.0,1.5,44,1016.5,0.0,-0.9
서울특별시,성북구,상월곡동,2022,12,3,9,55,토,0,0,0,7790,"자동차,철도차량",미상,미상,미상,미상,"차량, 선박부품","기타(차량,선박부품)","자동차,철도차량",자동차,승용자동차,기타 도로,0.0,1.1,2.9,91,1014.2,1.0,-0.2
서울특별시,종로구,숭인동,2022,12,3,19,14,토,0,0,0,469,"건축,구조물",미상,미상,미상,미상,,,주거,공동주택,주상복합아파트,,3.8,0.0,1.8,72,1014.6,0.0,0.4
서울특별시,성북구,하월곡동,2022,12,5,0,23,월,0,0,0,1995,"건축,구조물",부주의,"불씨,불꽃,화원방치","종이,목재,건초등","목재, 합판",,,"판매,업무시설",판매시설,상가빌딩,,-5.2,0.0,1.2,47,1021.5,0.0,-2.9
서울특별시,서대문구,남가좌동,2022,12,5,0,48,월,0,0,0,30,기타(쓰레기 화재등),부주의,담배꽁초,쓰레기류,쓰레기,,,기타,야외,쓰레기,,-5.2,0.0,1.2,47,1021.5,0.0,-2.9
서울특별시,종로구,청진동,2022,12,5,13,12,월,0,0,0,1702,"건축,구조물",미상,미상,미상,미상,계절용 기기,냉난방기,생활서비스,음식점,일식,,-0.4,0.0,3.9,33,1018.3,0.0,2.8
서울특별시,중구,묵정동,2022,12,6,0,45,화,0,0,0,302,"건축,구조물",부주의,음식물 조리중,식품,튀김유,,,"판매,업무시설",일반업무,일반빌딩,,-3.1,0.0,1.1,56,1016.0,0.0,-2.4
서울특별시,서대문구,홍제동,2022,12,6,10,12,화,0,0,0,8407,"건축,구조물",기타,기타,식품,기타(식품),,,"판매,업무시설",판매시설,기타 판매시설,,-1.0,0.0,2.5,77,1013.1,0.3,-0.2
서울특별시,종로구,신문로2가,2022,12,6,12,52,화,0,0,0,3,기타(쓰레기 화재등),부주의,담배꽁초,"종이,목재,건초등",종이,,,기타,야외,쓰레기,,2.8,0.0,1.8,68,1012.3,0.0,1.7
서울특별시,종로구,무악동,2022,12,6,19,16,화,0,0,0,5,"건축,구조물",전기적 요인,접촉불량에 의한 단락,"전기,전자","전기, 전자기기 내부배선",배선/배선기구,기타(배선/배선기구),주거,공동주택,아파트,,2.8,0.0,2.3,64,1011.1,0.0,-0.1
서울특별시,중구,신당동,2022,12,7,5,6,수,0,0,0,169,"건축,구조물",전기적 요인,접촉불량에 의한 단락,"전기,전자",전선피복,계절용 기기,기타(계절용기기),기타서비스,기타건축물,공중화장실,,3.4,0.0,2.3,77,1010.6,0.0,-0.1
서울특별시,중구,을지로5가,2022,12,7,15,54,수,0,0,0,97,"건축,구조물",방화,방화,"침구,직물류",의류,,,"판매,업무시설",일반업무,오피스텔,,8.7,0.0,4.2,47,1011.2,0.0,6.3
서울특별시,서대문구,홍은동,2022,12,7,17,14,수,0,0,0,498,"건축,구조물",부주의,"기기(전기, 기계 등) 사용.설치부주의","침구,직물류","이불(베개,시트)",,,주거,공동주택,아파트,,7.1,0.0,3.2,52,1011.9,0.0,2.8
서울특별시,서대문구,북아현동,2022,12,7,18,48,수,0,0,0,15,"건축,구조물",부주의,가연물 근접방치,"종이,목재,건초등",종이,,,주거,단독주택,단독주택,,6.2,0.0,2.0,53,1012.2,0.0,1.3
서울특별시,성북구,정릉동,2022,12,8,1,32,목,0,0,0,50,"건축,구조물",기계적 요인,"과열, 과부하","전기,전자","전기, 전자기기 케이스",계절용 기기,환풍기/송풍기/공조기,주거,공동주택,다세대주택,,2.3,0.0,1.3,66,1014.8,0.0,0.0
서울특별시,서대문구,북아현동,2022,12,8,23,30,목,0,0,0,39,"건축,구조물",부주의,"불씨,불꽃,화원방치","종이,목재,건초등","기타(종이,목재,건초등)",,,생활서비스,음식점,한식,,2.5,0.0,1.7,68,1014.1,0.0,0.0
서울특별시,종로구,이화동,2022,12,9,14,27,금,0,0,0,138,"건축,구조물",부주의,"용접, 절단, 연마",합성수지,기타(합성수지),,,집합시설,공연장,연극장,,10.1,0.0,3.5,53,1010.8,0.0,11.2
서울특별시,성북구,정릉동,2022,12,9,18,54,금,0,0,0,30846,"건축,구조물",미상,미상,미상,미상,,,산업시설,작업장,기타 작업장,,6.5,0.0,1.0,57,1010.9,0.0,2.3
서울특별시,종로구,숭인동,2022,12,9,19,42,금,0,0,0,373,"건축,구조물",화학적 요인,자연발화,가구,"침대, 매트리스",,,주거,기타주택,기타 주택,,5.8,0.0,1.4,63,1011.2,0.0,1.3
서울특별시,서대문구,홍은동,2022,12,10,9,40,토,0,0,0,14960,"자동차,철도차량",기계적 요인,기타(기계적요인),"자동차,철도차량,선박,항공기",오일류,미상,미상,"자동차,철도차량",자동차,승용자동차,터널,0.3,0.0,1.3,51,1010.7,0.0,-0.3
서울특별시,성북구,정릉동,2022,12,10,16,9,토,0,0,0,2515,"건축,구조물",방화,방화,쓰레기류,쓰레기,,,주거,단독주택,다가구주택,,5.8,0.0,1.8,31,1007.7,0.0,3.7
서울특별시,성북구,하월곡동,2022,12,10,20,26,토,0,0,0,156,"건축,구조물",부주의,기타(부주의),식품,기타(식품),,,생활서비스,음식점,한식,,2.7,0.0,1.0,41,1009.0,0.0,0.3
서울특별시,서대문구,연희동,2022,12,11,12,55,일,0,0,0,0,기타(쓰레기 화재등),부주의,담배꽁초,"종이,목재,건초등",종이,,,기타,야외,쓰레기,,4.5,0.0,2.7,43,1013.1,0.0,3.0
서울특별시,동대문구,장안동,2022,12,11,13,27,일,0,0,0,148,"건축,구조물",부주의,담배꽁초,기타,기타,,,집합시설,운동시설,볼링장,,5.5,0.0,1.9,39,1012.4,0.0,8.0
서울특별시,서대문구,창천동,2022,12,12,10,38,월,0,0,0,454,"건축,구조물",미상,미상,미상,미상,,,주거,공동주택,다세대주택,,1.8,0.0,2.2,60,1011.3,0.0,-0.1
서울특별시,성북구,안암동4가,2022,12,12,12,21,월,0,0,0,16,기타(쓰레기 화재등),부주의,담배꽁초,쓰레기류,쓰레기,,,기타,야외,쓰레기,,4.3,0.0,1.0,56,1009.9,0.0,1.5
서울특별시,종로구,돈의동,2022,12,12,13,8,월,0,0,0,457,"건축,구조물",미상,미상,식품,튀김유,주방기기,튀김기,생활서비스,음식점,양식(휴게),,5.0,0.0,1.5,58,1008.7,0.0,2.4
서울특별시,서대문구,대현동,2022,12,12,17,12,월,0,0,0,49,"건축,구조물",전기적 요인,미확인단락,기타,기타,,,생활서비스,음식점,간이음식점,,4.8,0.0,3.1,83,1006.5,0.0,2.6
서울특별시,동대문구,용두동,2022,12,13,17,52,화,0,0,0,216,"건축,구조물",부주의,가연물 근접방치,합성수지,"플라스틱, PVC, 비닐, 장판",주방기기,전기레인지,"판매,업무시설",일반업무,오피스텔,,0.1,0.0,3.8,89,1005.2,0.6,1.1
서울특별시,서대문구,홍은동,2022,12,14,2,51,수,0,0,0,82,기타(쓰레기 화재등),부주의,"기기(전기, 기계 등) 사용.설치부주의","침구,직물류","기타(침구,직물류)",,,기타,야외,기타야외,,-8.1,0.0,4.5,50,1014.7,0.4,-3.5
서울특별시,종로구,종로5가,2022,12,14,11,27,수,0,0,0,649,"건축,구조물",부주의,가연물 근접방치,"침구,직물류","기타(침구,직물류)",,,"판매,업무시설",판매시설,상가빌딩,,-8.0,0.0,3.7,46,1019.2,0.3,-0.3
서울특별시,성북구,하월곡동,2022,12,14,16,31,수,0,0,0,109,"건축,구조물",전기적 요인,트래킹에 의한 단락,"전기,전자",전선피복,,,산업시설,공장시설,방직공업,,-5.5,0.0,3.2,45,1016.2,0.1,-0.5
서울특별시,서대문구,북가좌동,2022,12,14,19,20,수,0,0,0,22,기타(쓰레기 화재등),부주의,담배꽁초,"종이,목재,건초등",건초,,,기타,야외,기타야외,,-7.7,0.0,2.1,52,1016.2,0.1,-3.6
서울특별시,중구,남대문로3가,2022,12,14,19,52,수,1,0,1,243703,"건축,구조물",부주의,기타(부주의),"종이,목재,건초등","목재, 합판",산업장비,기타(산업장비),생활서비스,일상서비스,일반상점,,-7.7,0.0,2.1,52,1016.2,0.1,-3.6
서울특별시,종로구,옥인동,2022,12,14,22,51,수,0,0,0,404,"건축,구조물",전기적 요인,기타(전기적요인),"전기,전자","전기, 전자기기 절연유",계절용 기기,전기히터/스토브,주거,공동주택,다세대주택,,-8.4,0.0,2.1,60,1016.1,0.1,-4.9
서울특별시,서대문구,연희동,2022,12,15,10,28,목,3,1,2,23095,"건축,구조물",미상,미상,미상,미상,,,주거,단독주택,단독주택,,-4.6,0.0,3.0,78,1014.4,0.3,-1.1
서울특별시,동대문구,용두동,2022,12,15,13,54,목,0,0,0,50,"건축,구조물",전기적 요인,절연열화에 의한 단락,"전기,전자",전선피복,,,생활서비스,일상서비스,"수리,A/S,상하수도",,-3.0,0.0,2.8,89,1011.3,1.1,-0.2
서울특별시,종로구,종로3가,2022,12,15,14,59,목,0,0,0,444,"자동차,철도차량",미상,미상,미상,미상,"차량, 선박부품",엔진본체,"자동차,철도차량",자동차,화물자동차,일반도로,-2.8,0.0,2.6,91,1010.7,3.5,-0.2
서울특별시,종로구,인의동,2022,12,17,19,59,토,0,0,0,429,"건축,구조물",부주의,음식물 조리중,식품,튀김유,,,생활서비스,음식점,횟집,,-7.3,0.0,4.2,50,1013.4,1.5,-4.7
서울특별시,중구,신당동,2022,12,17,22,42,토,0,0,0,2,기타(쓰레기 화재등),부주의,담배꽁초,쓰레기류,쓰레기,,,기타,야외,쓰레기,,-9.1,0.0,3.4,58,1013.6,1.5,-6.2
서울특별시,서대문구,북가좌동,2022,12,18,1,54,일,0,0,0,46976,"건축,구조물",전기적 요인,기타(전기적요인),"전기,전자","기타(전기,전자)",,,주거,공동주택,기타 공동주택,,-10.3,0.0,2.8,56,1013.0,1.5,-6.7
서울특별시,성북구,장위동,2022,12,18,9,28,일,0,0,0,688,"건축,구조물",전기적 요인,미확인단락,미상,미상,,,"판매,업무시설",판매시설,상가빌딩,,-11.9,0.0,0.7,40,1012.6,1.5,-6.5
서울특별시,중구,신당동,2022,12,18,15,47,일,0,0,0,100,기타(쓰레기 화재등),부주의,쓰레기 소각,쓰레기류,쓰레기,,,기타,야외,쓰레기,,-6.2,0.0,4.6,42,1010.7,1.5,-0.2
서울특별시,성북구,석관동,2022,12,19,13,29,월,0,0,0,50,기타(쓰레기 화재등),부주의,"기기(전기, 기계 등) 사용.설치부주의","전기,전자",전선피복,,,기타,야외,기타야외,,-3.6,0.0,2.0,45,1015.5,1.3,1.5
서울특별시,동대문구,전농동,2022,12,19,19,19,월,0,0,0,50,"건축,구조물",전기적 요인,절연열화에 의한 단락,"전기,전자",전선피복,계절용 기기,전기히터/스토브,운수자동차시설,자동차시설,카센터,,-4.2,0.0,1.1,46,1016.4,1.1,-1.5
서울특별시,동대문구,전농동,2022,12,20,12,34,화,0,0,0,247,"건축,구조물",부주의,"기기(전기, 기계 등) 사용.설치부주의","전기,전자","기타(전기,전자)",,,주거,단독주택,다가구주택,,-1.3,0.0,3.0,43,1017.6,0.9,2.7
서울특별시,종로구,명륜2가,2022,12,21,15,47,수,0,0,0,782,"건축,구조물",전기적 요인,트래킹에 의한 단락,"전기,전자","콘센트, 스위치류",,,생활서비스,일상서비스,기타 일상서비스,,2.2,0.0,1.0,86,998.8,2.5,-0.2
서울특별시,중구,필동2가,2022,12,21,21,42,수,0,0,0,133,"건축,구조물",전기적 요인,절연열화에 의한 단락,"전기,전자","전기, 전자기기 케이스",전기설비,적산전력계,생활서비스,음식점,호프집,,0.1,0.0,3.5,75,999.9,1.9,-0.3
서울특별시,중구,북창동,2022,12,21,22,52,수,0,0,0,476,"건축,구조물",전기적 요인,기타(전기적요인),"종이,목재,건초등",종이,,,생활서비스,위락시설,유흥주점,,-1.0,0.0,3.7,68,1000.1,1.9,-0.5
서울특별시,중구,장충동2가,2022,12,22,12,7,목,0,0,0,9,기타(쓰레기 화재등),부주의,가연물 근접방치,쓰레기류,쓰레기,,,기타,야외,쓰레기,,-6.3,0.0,7.0,58,999.1,1.9,-0.9
서울특별시,동대문구,신설동,2022,12,22,22,56,목,0,0,0,4615,"건축,구조물",부주의,가연물 근접방치,"침구,직물류","이불(베개,시트)",,,주거,기타주택,기타 주택,,-10.5,0.0,4.8,58,999.5,1.8,-4.4
서울특별시,중구,신당동,2022,12,23,5,55,금,0,0,0,116310,"건축,구조물",미상,미상,미상,미상,미상,미상,생활서비스,오락시설,노래연습장,,-13.4,0.0,5.5,62,1000.9,1.8,-5.5
서울특별시,서대문구,홍제동,2022,12,23,6,40,금,0,0,0,388,"건축,구조물",부주의,"용접, 절단, 연마","종이,목재,건초등","목재, 합판",,,운수자동차시설,"역사,터미널","기타 역사,터미널",,-13.6,0.0,5.0,63,1001.0,1.8,-5.6
서울특별시,성북구,안암동2가,2022,12,23,11,11,금,0,0,0,9,"건축,구조물",기계적 요인,"오일,연료누설",합성수지,"플라스틱, PVC, 비닐, 장판",,,주거,단독주택,다가구주택,,-11.4,0.0,5.8,54,1002.5,1.8,-3.1
서울특별시,중구,신당동,2022,12,23,13,32,금,0,0,0,932,"건축,구조물",부주의,담배꽁초,"종이,목재,건초등",종이,,,주거,단독주택,단독주택,,-9.6,0.0,5.1,54,1000.9,1.8,-1.6
서울특별시,서대문구,창천동,2022,12,23,20,57,금,0,0,0,0,기타(쓰레기 화재등),부주의,담배꽁초,쓰레기류,쓰레기,,,기타,야외,쓰레기,,-11.8,0.0,3.6,62,1005.1,1.7,-5.1
서울특별시,종로구,숭인동,2022,12,24,15,45,토,0,0,0,5,"건축,구조물",미상,미상,"종이,목재,건초등","목재, 합판",,,생활서비스,음식점,한식,,-2.6,0.0,2.5,42,1009.2,1.6,-0.1
서울특별시,중구,북창동,2022,12,25,3,3,일,0,0,0,5,기타(쓰레기 화재등),부주의,담배꽁초,쓰레기류,쓰레기,,,기타,야외,쓰레기,,-9.1,0.0,0.8,73,1011.8,1.6,-7.2
서울특별시,성북구,정릉동,2022,12,25,3,16,일,1,0,1,921,기타(쓰레기 화재등),부주의,가연물 근접방치,"침구,직물류","이불(베개,시트)",,,기타,야외,기타야외,,-9.1,0.0,0.8,73,1011.8,1.6,-7.2
서울특별시,성북구,정릉동,2022,12,25,6,46,일,0,0,0,11,기타(쓰레기 화재등),부주의,담배꽁초,"종이,목재,건초등",종이,,,기타,야외,쓰레기,,-9.4,0.0,1.7,76,1011.9,1.6,-7.4
서울특별시,서대문구,대현동,2022,12,25,11,55,일,0,0,0,0,"건축,구조물",부주의,음식물 조리중,식품,음식물,,,"판매,업무시설",일반업무,오피스텔,,-4.4,0.0,2.9,60,1013.0,1.6,-0.4
서울특별시,종로구,종로6가,2022,12,25,14,52,일,0,0,0,3300,"자동차,철도차량",부주의,기타(부주의),기타,기타,"차량, 선박부품",엔진본체,"자동차,철도차량",자동차,승용자동차,일반도로,-1.1,0.0,3.4,50,1012.5,1.5,3.0
서울특별시,성북구,종암동,2022,12,25,19,40,일,0,0,0,1918,"건축,구조물",부주의,가연물 근접방치,가구,소파,,,생활서비스,일상서비스,부동산 중개업소,,-3.3,0.0,1.5,59,1013.3,1.2,-2.6
서울특별시,동대문구,답십리동,2022,12,26,21,54,월,0,0,0,45,"건축,구조물",전기적 요인,트래킹에 의한 단락,"전기,전자",전선피복,,,주거,공동주택,아파트,,-3.7,0.0,1.2,61,1016.3,0.3,-4.5
서울특별시,서대문구,연희동,2022,12,26,22,19,월,0,0,0,159,기타(쓰레기 화재등),기계적 요인,"과열, 과부하","전기,전자","전기, 전자기기 케이스",,,기타,야외,기타야외,,-4.1,0.0,0.8,65,1016.5,0.3,-5.1
서울특별시,성북구,정릉동,2022,12,27,9,36,화,0,0,0,660,"자동차,철도차량",미상,미상,미상,미상,"차량, 선박부품","기타(차량,선박부품)","자동차,철도차량",자동차,승용자동차,일반도로,-6.6,0.0,2.1,86,1019.3,0.3,-5.9
서울특별시,동대문구,장안동,2022,12,27,17,14,화,0,0,0,95,"건축,구조물",전기적 요인,미확인단락,합성수지,"플라스틱, PVC, 비닐, 장판",,,주거,공동주택,다세대주택,,1.5,0.0,2.0,55,1017.4,0.0,-0.2
서울특별시,성북구,동소문동7가,2022,12,28,2,16,수,0,0,0,17,"건축,구조물",부주의,담배꽁초,"종이,목재,건초등",종이,,,주거,단독주택,다가구주택,,-3.6,0.0,0.8,76,1016.7,0.0,-5.1
서울특별시,종로구,신문로2가,2022,12,28,13,57,수,0,0,0,107,"건축,구조물",전기적 요인,"압착,손상에 의한 단락","전기,전자",전선피복,,,기타서비스,기타건축물,기타 건축물,,-1.2,0.0,4.1,43,1018.5,0.0,3.0
서울특별시,성북구,정릉동,2022,12,28,16,45,수,0,0,0,13214,"건축,구조물",미상,미상,미상,미상,,,주거,단독주택,단독주택,,-0.6,0.0,2.3,43,1018.9,0.0,-0.2
서울특별시,서대문구,홍제동,2022,12,28,18,42,수,0,0,0,17,"건축,구조물",전기적 요인,절연열화에 의한 단락,"전기,전자",전선피복,,,생활서비스,일상서비스,세탁소,,-3.0,0.0,2.5,48,1020.0,0.0,-1.5
서울특별시,성북구,동선동3가,2022,12,28,21,46,수,0,0,0,20,"건축,구조물",전기적 요인,과부하/과전류,"전기,전자","콘센트, 스위치류",,,주거,공동주택,아파트,,-4.6,0.0,2.2,54,1021.2,0.0,-4.6
서울특별시,서대문구,홍제동,2022,12,29,17,31,목,0,0,0,8321,"건축,구조물",미상,미상,미상,미상,,,주거,공동주택,다세대주택,,0.5,0.0,1.2,43,1020.3,0.0,-0.3
서울특별시,중구,충무로4가,2022,12,30,0,16,금,0,0,0,123,"건축,구조물",부주의,담배꽁초,"종이,목재,건초등",종이,,,산업시설,창고시설,기타 창고,,-1.0,0.0,1.4,71,1021.6,0.0,-1.2
서울특별시,동대문구,제기동,2022,12,30,1,0,금,0,0,0,100,"건축,구조물",전기적 요인,절연열화에 의한 단락,"전기,전자","전기, 전자기기 기판",전기설비,기타(전기설비),주거,공동주택,다세대주택,,-1.2,0.0,2.2,76,1021.1,0.0,-1.3
서울특별시,성북구,석관동,2022,12,30,3,4,금,0,0,0,13803,"건축,구조물",미상,미상,미상,미상,,,주거,공동주택,다세대주택,,-2.3,0.0,2.0,81,1021.0,0.0,-3.2
서울특별시,동대문구,제기동,2022,12,30,6,31,금,0,0,0,100,"건축,구조물",전기적 요인,절연열화에 의한 단락,"전기,전자",전선피복,배선/배선기구,전기기기용 전선/코드,"판매,업무시설",판매시설,시장,,-2.2,0.0,1.3,84,1020.8,0.0,-2.9
서울특별시,중구,만리동2가,2022,12,30,16,28,금,0,0,0,55,"건축,구조물",기계적 요인,"과열, 과부하",식품,튀김유,주방기기,튀김기,생활서비스,음식점,"치킨,족발",,1.4,0.0,3.8,38,1019.6,0.0,-0.1
서울특별시,중구,신당동,2022,12,31,5,36,토,0,0,0,9,"건축,구조물",부주의,빨래삶기,"침구,직물류","행주, 기름걸레",,,주거,공동주택,다세대주택,,-3.4,0.0,1.1,61,1020.3,0.0,-3.4
서울특별시,서대문구,연희동,2022,12,31,9,42,토,0,0,0,498,"건축,구조물",부주의,기타(부주의),"종이,목재,건초등","기타(종이,목재,건초등)",,,주거,단독주택,다가구주택,,-3.5,0.0,2.4,66,1020.8,0.0,-2.6
서울특별시,성북구,하월곡동,2022,12,31,15,1,토,0,0,0,46,기타(쓰레기 화재등),전기적 요인,트래킹에 의한 단락,"전기,전자","콘센트, 스위치류",,,기타,야외,기타야외,,1.9,0.0,1.0,62,1018.8,0.0,0.5
